Genres,,
Pop,Pop,
R&B/Soul,R&B,
Contemporary R&B,Rock,
Music,Music,
Indie Rock,Alternative,
Adult Alternative,Hip Hop,
Alternative,Disco,
Rock,Dance,
Singer/Songwriter,Fitness & Workout,
Pop/Rock,Spoken Word,
Electronic,Soul,
Hip Hop/Rap,Rap,
Disco,Funk,
Dance,Vocal,
Rap,Electronic,
Soft Rock,Latin,
Fitness & Workout,Jazz,
Country,Reggae,
Spoken Word,Soundtrack,
Southern Rock,Metal,
Soul,Folk,
Funk,Blues,
Oldies,Punk,
Vocal,Country,
College Rock,Anime,
Folk-Rock,Samba,
Contemporary Celtic,Songwriter,
World,Hardcore,
Adult Contemporary,Oldies,
Electronica,Contemporary,
Industrial,World,
Traditional Folk,Holiday,
Latin,Comedy,
Pop in Spanish,Instrumental,
Contemporary Jazz,Jam Bands,
Jazz,Industrial,
Downtempo,Downtempo,
Indie Pop,Dirty South,
Contemporary Country,Trance,
Teen Pop,Techno,
Modern Dancehall,Salsa y Tropical,
Roots Reggae,House,
Reggae,New Wave,
Anime,New Age,
Dirty South,Garage,
Alternative Rap,Psychedelic,
Pop Punk,Ambient,
Trance,Grunge,
Techno,Christian,
Salsa y Tropical,Original Score,
Urban Cowboy,Tribute,
Roots Rock,Bluegrass,
House,Afro-Beat,
Country Blues,Doo Wop,
Contemporary Folk,Classical ,
K-Pop,Cello,
J-Pop,Bollywood,
Children's Music,Gospel,
Prog-Rock/Art Rock,Relaxation,
New Wave,Piano,Regional Mexicano
Arena Rock,Acoustic,Europe
Blues-Rock,Honky Tonk,Indian
Hard Rock,Easy Listening,Americana
Rock & Roll,Praise & Worship,Australia
Asia,Soca,Sayuri
Soundtrack,Surf,France
Heavy Metal,IDM/Experimental,Caribbean
Latin Urban,Motown,Japan
New Age,Ska,Brazilian
Alternative Folk,Dubstep,
Traditional Country,Quiet Storm,
Death Metal/Black Metal,Big Band,
Garage,Breakbeat,
Folk,Arabic,
Instrumental,EMO,
Glam Rock,Jungle / Drum,
P,Cuban / Bolero,
Celtic Folk,Christmas,
Psychedelic,British Invasion,
Ambient,Sound Effects,
Hip-Hop,Calypso,
TV Soundtrack,Sing-Along,
Blues,Meditation,
German Pop,CCM,
Grunge,Fusion,
Regional Mexicano,Bop,
Rockabilly,Lullabies,
Underground Rap,Karaoke,
Christian & Gospel,,
French Pop,,
Original Score,,
Mandopop,,
Hardcore,,
Tribute,,
Hardcore Rap,,
West Coast Rap,,
Bluegrass,,
Afro-Beat,,
"Dance""",,
Doo Wop,,
Classical Crossover,,
Gangsta Rap,,
Cello,,
Classical,,
Europe,,
Hair Metal,,
Gospel,,
Over Easy,,
Britpop,,
Bollywood,,
Indian,,
Punk,,
Neo-Soul,,
Americana,,
Relaxation,,
Piano,,
Contemporary Singer/Songwriter,,
Dancehall,,
Smooth Jazz,,
Honky Tonk,,
New Acoustic,,
Christian Pop,,
Praise & Worship,,
Easy Listening,,
Standup Comedy,,
Worldbeat,,
Soca,,
Surf,,
East Coast Rap,,
IDM/Experimental,,
Motown,,
Indian Pop,,
Acoustic Blues,,
Arabic Pop,,
Holiday,,
Alternative & Rock in Spanish,,
Africa,,
Ska,,
Dubstep,,
Quiet Storm,,
??????,,
Brazilian,,
Big Band,,
Breakbeat,,
Baladas y Boleros,,
American Trad Rock,,
Ikimonogakari,,
Musicals,,
Afro-Pop,,
Arabic,,
EMO,,
Alternative Country,,
Vocal Pop,,
Australia,,
Sayuri,,
Jungle/Drum'n'bass,,
Christian Rock,,
Comedy,,
Old School Rap,,
Sertanejo,,
Contemporary Era,,
France,,
Caribbean,,
Cuban / Bolero,,
Disco; _rock_;_,,
Punjabi Pop,,
British Invasion,,
Masayoshi Oishi,,
Forr?,,
Chicago Blues,,
Regional Indian,,
Indo Pop,,
Christmas,,
Christian Metal,,
Sound Effects,,
Oskar Schuster,,
Karaoke,,
HONNE,,
Japan,,
Sing-Along,,
Calypso,,
Christian Rap,,
Bass,,
Goth Rock,,
Meditation,,
Khaleeji,,
CCM,,
Fusion,,
Latin Jazz,,
Bebop,,
"Alternative""",,
emon(Tes.),,
mxmtoon,,
Madchester,,
Lullabies,,
Samba,,
Hard Bop,,
North African,,
a crowd of rebellion,,
Stereopony,,
Shorecrest Mafia,,
Jam Bands,,
